DROP DATABASE IF EXISTS agri;
CREATE DATABASE agri;
USE agri;

DROP TABLE IF EXISTS BANK_DETAILS;

CREATE TABLE BANK_DETAILS (IFSC CHAR(11) NOT NULL, Bank_branch varchar(254) NOT NULL, Bank_name VARCHAR(254)  NOT NULL,PRIMARY KEY (IFSC)); 

INSERT INTO BANK_DETAILS VALUES('HDFC2019030', 'Manchiryal', 'HDFC'); 
INSERT INTO BANK_DETAILS VALUES('SBIN2314003', 'Chirala', 'SBI'); 
INSERT INTO BANK_DETAILS VALUES('HDFC2013526', 'Chirala', 'HDFC'); 
INSERT INTO BANK_DETAILS VALUES('SBIN4562173', 'Manchiryal', 'SBI'); 

DROP TABLE IF EXISTS LOCATION;

CREATE TABLE LOCATION 
(Name varchar(254) NOT NULL,Total_Area int NOT NULL, PRIMARY KEY(Name)); 

INSERT INTO LOCATION VALUES('Chirala','350');
INSERT INTO LOCATION VALUES('Manchiryal', '500');
 

DROP TABLE IF EXISTS CROP_INPUT;

CREATE TABLE  CROP_INPUT 
(Name varchar(254)  NOT NULL, Cost int NOT NULL, Type set('organic', 'inorganic') NOT NULL, PRIMARY KEY(Name)); 

INSERT INTO CROP_INPUT VALUES('Ferterra-Insecticide', 175, 'inorganic'); 
INSERT INTO CROP_INPUT VALUES('Gromor-Fertilizer', 160, 'inorganic');
INSERT INTO CROP_INPUT VALUES('BASF-Pesticide', 1150, 'inorganic'); 



DROP TABLE IF EXISTS SUPPLIER;

CREATE TABLE SUPPLIER 
(Name varchar(254) NOT NULL, Father_Name varchar(254),Phone_No char(10), PRIMARY KEY(Phone_No)); 

INSERT INTO SUPPLIER VALUES('Aman', 'Azaruddin', '8686213131'); 
INSERT INTO SUPPLIER VALUES('Vamshi', 'Vekateshwar', '9347963379'); 
INSERT INTO SUPPLIER VALUES('Aryan', 'Pardhasaradhi', '7673929180'); 

 
DROP TABLE IF EXISTS WATER_RESOURCE;

CREATE TABLE WATER_RESOURCE
(Name varchar(254) NOT NULL, Type SET('Lake','Underground','Canal','Pond','River') NOT NULL, Present_Volume int NOT NULL, Ideal_Volume int NOT NULL, PRIMARY KEY(Name)); 

INSERT INTO WATER_RESOURCE VALUES('Musi', 'River', 1600, 1500); 
INSERT INTO WATER_RESOURCE VALUES('Shameerpet Lake', 'Lake', 500, 600); 
INSERT INTO WATER_RESOURCE VALUES('Veerannapalem Lake', 'Lake', 600, 500); 


DROP TABLE IF EXISTS MACHINERY; 

CREATE TABLE MACHINERY
(Mach_Name varchar(254) NOT NULL, Supplier_PhNo char(10) NOT NULL, Cost int NOT NULL, Purchase_Cost int, PRIMARY KEY(Mach_Name, Supplier_PhNo) ,FOREIGN KEY (Supplier_PhNo) REFERENCES SUPPLIER(Phone_No) on DELETE CASCADE on UPDATE CASCADE); 

 
INSERT INTO MACHINERY VALUES('tractor', '8686213131',  '1300','600000'); 
INSERT INTO MACHINERY VALUES('harvestor','9347963379','1500','700000'); 
INSERT INTO MACHINERY VALUES('Sowing machine','7673929180','300','50000'); 

DROP TABLE IF EXISTS LABOURER; 

CREATE TABLE LABOURER 
(Labourer_Name varchar(254) NOT NULL, Labourer_fathername varchar(254) NOT NULL, Phone_No varchar(10) NOT NULL, Skill_exist BOOLEAN NOT NULL, Work_Status BOOLEAN NOT NULL, Wage_type SET('Daily', 'Work_based') NOT NULL, Farmer_Pbook_No varchar(14) , Location_Name varchar(254) NOT NULL, Leader_PhNo varchar(10), PRIMARY KEY(Phone_No), FOREIGN KEY(Location_Name) REFERENCES LOCATION(Name) on DELETE CASCADE ON UPDATE CASCADE); 

INSERT INTO LABOURER VALUES('Rajkumar', 'Ramgopal', '9166177188', TRUE, FALSE, 'Daily', NULL, 'Manchiryal', NULL); 
INSERT INTO LABOURER VALUES('Likith', 'Srinivas', '9797979878', FALSE, TRUE, 'Work_based',  '20190503gj3h65' , 'Manchiryal', '9166177188'); 
INSERT INTO LABOURER VALUES('Gopi', 'MohanRao', '7337512775', FALSE, TRUE,'Work_based',  '20140504kd5g65', 'Manchiryal', NULL); 
INSERT INTO LABOURER VALUES('Hemanth', 'Sriramulu', '8374832001', TRUE, FALSE, 'Daily', NULL, 'Chirala', NULL); 

 

DROP TABLE IF EXISTS SKILLED_LABOUR;

CREATE TABLE SKILLED_LABOUR
(Name varchar(254) NOT NULL, Phone_No char(10),  PRIMARY KEY(Phone_No), FOREIGN KEY (Phone_No) REFERENCES LABOURER(Phone_No) ON DELETE CASCADE ON UPDATE CASCADE); 

INSERT INTO SKILLED_LABOUR VALUES('Rajkumar', '9166177188'); 
INSERT INTO SKILLED_LABOUR VALUES('Hemanth', '8374832001');

 

DROP TABLE IF EXISTS UNSKILLED_LABOUR;

CREATE TABLE UNSKILLED_LABOUR 
(Name varchar(254) NOT NULL, Phone_No char(10),Age int NOT NULL, PRIMARY KEY(Phone_No), FOREIGN KEY (Phone_No) REFERENCES LABOURER(Phone_No) ON DELETE CASCADE ON UPDATE CASCADE); 

INSERT INTO UNSKILLED_LABOUR VALUES('Likith','9797979878','35'); 
INSERT INTO UNSKILLED_LABOUR VALUES('Hemanth','8374832001','30'); 

 

DROP TABLE IF EXISTS DAILY_WG_LABOUR; 

CREATE TABLE DAILY_WG_LABOUR 
(Name varchar(254) NOT NULL, Phone_No  char(10), Wage int NOT NULL, PRIMARY KEY(Phone_No), FOREIGN KEY (Phone_No) REFERENCES LABOURER(Phone_No) ON DELETE CASCADE ON UPDATE CASCADE); 

INSERT INTO DAILY_WG_LABOUR VALUES('Rajkumar','9166177188', '400'); 
INSERT INTO DAILY_WG_LABOUR VALUES('Hemanth','8374832001', '500'); 

 

DROP TABLE IF EXISTS WORK_BASED_LABOUR; 

CREATE TABLE WORK_BASED_LABOUR 
(Name varchar(254) NOT NULL, Phone_No char(10), Cost_Per_Acre int NOT NULL, PRIMARY KEY(Phone_No), FOREIGN KEY (Phone_No) REFERENCES LABOURER(Phone_No) ON DELETE CASCADE ON UPDATE CASCADE); 

INSERT INTO WORK_BASED_LABOUR VALUES('Likith', '9797979878', '2000'); 
INSERT INTO WORK_BASED_LABOUR VALUES('Gopi', '7337512775', '2300'); 

 

DROP TABLE IF EXISTS LABOUR_LEADER; 

CREATE TABLE LABOUR_LEADER 
(Name varchar(254) NOT NULL, Phone_No char(10), Group_Size INT NOT NULL, PRIMARY KEY(Phone_No), FOREIGN KEY (Phone_No) REFERENCES LABOURER(Phone_No) ON DELETE CASCADE ON UPDATE CASCADE); 

INSERT INTO LABOUR_LEADER VALUES('Rajkumar', '9166177188', 2); 
 


DROP TABLE IF EXISTS GOVT_OFFICIAL; 

CREATE TABLE GOVT_OFFICIAL
(Name varchar(254) NOT NULL, ID char(10) NOT NULL, Location_Name varchar(254), PRIMARY KEY(ID) , FOREIGN KEY (Location_Name) REFERENCES LOCATION(Name) ON DELETE CASCADE ON UPDATE CASCADE); 

 
INSERT INTO GOVT_OFFICIAL VALUES('7133144155', 'Surendra', 'Manchiryal'); 
INSERT INTO GOVT_OFFICIAL VALUES('9144155166', 'Ramesh', 'Chirala'); 

 

DROP TABLE IF EXISTS MACH_USED_FOR; 

CREATE TABLE MACH_USED_FOR 
(Mach_Name varchar(254) NOT NULL, Utility varchar(254) NOT NULL, PRIMARY KEY(Mach_Name) ,FOREIGN KEY (Mach_Name) REFERENCES MACHINERY(Mach_Name) on DELETE CASCADE on UPDATE CASCADE);

INSERT INTO MACH_USED_FOR VALUES('tractor','ploughing'); 
INSERT INTO MACH_USED_FOR VALUES('harvestor','harvesting'); 
INSERT INTO MACH_USED_FOR VALUES('Sowing machine','seed drilling'); 

 

DROP TABLE IF EXISTS OPERATES; 

CREATE TABLE OPERATES 
(Labourer_PhNo char(10), Mach_Name varchar(254) NOT NULL, PRIMARY KEY(Labourer_PhNo, Mach_Name), FOREIGN KEY (Labourer_PhNo) REFERENCES LABOURER(Phone_No) on DELETE CASCADE on UPDATE CASCADE, FOREIGN KEY (Mach_Name) REFERENCES MACHINERY(Mach_Name) on DELETE CASCADE on UPDATE CASCADE); 

INSERT INTO OPERATES VALUES('9166177188','tractor'); 
INSERT INTO OPERATES VALUES('8374832001','harvestor'); 

 


 

DROP TABLE IF EXISTS LAND; 

CREATE TABLE LAND
(Type set('Black_soil','Red_soil','Alluvial_soil') NOT NULL, Survey_no_range CHAR(20) NOT NULL, Owner_Pbook_no CHAR(14) NOT NULL, Location_Name VARCHAR(254) NOT NULL, Size INT NOT NULL, PRIMARY KEY(Survey_no_range, Location_Name), FOREIGN KEY(Location_Name) REFERENCES LOCATION(Name) on DELETE CASCADE on UPDATE CASCADE); 

INSERT INTO LAND VALUES('Black_soil','164/4/4/1', '20190503gj3h65','Manchiryal','20'); 
INSERT INTO LAND VALUES('Red_soil','150/2/3','20180607jf3k93','Chirala','30'); 
INSERT INTO LAND VALUES('Alluvial_soil','160/5/6','20150608gs3b95','Chirala','45'); 
INSERT INTO LAND VALUES('Black_soil','135/1','20140504kd5g65','Manchiryal','25'); 
INSERT INTO LAND VALUES('Red_soil','145/3/2', '20130103sd5b62','Chirala','30'); 
INSERT INTO LAND VALUES('Red_soil','135/2/2/1','20090543yj3k52','Manchiryal','15'); 

 

DROP TABLE IF EXISTS CROP; 

CREATE TABLE CROP
(Category VARCHAR(254) NOT NULL, Crop_Name VARCHAR(254) NOT NULL,Season VARCHAR(254), Time_Months INT NOT NULL, Cost_per_acre INT NOT NULL,MSP INT NOT NULL, Yield_per_acre INT NOT NULL, Water_required_per_acre INT NOT NULL, Irrigation_method Set('drip','sprinkler','surface','subsurface'),PRIMARY KEY(Crop_Name));
INSERT INTO CROP VALUES('Food', 'Cucumber', 'Zaid', 3, 65000, 4000, 70, 15000, 'Sprinkler'); 
INSERT INTO CROP VALUES('Food', 'Tomato', 'Rabi', 4, 60000, 1000, 160, 16660, 'Drip'); 
INSERT INTO CROP VALUES('Oil', 'Groundnut', 'Kharif', 3, 80000, 3200, 30, 17000, 'Sprinkler'); 
INSERT INTO CROP VALUES('Industrial', 'Cotton', 'Kharif', 7, 150000, 6000, 20, 23120, 'Drip'); 
INSERT INTO CROP VALUES('Food', 'Onion', 'WholeYear', 3, 37000, 1750, 120,11000, 'Surface'); 
 

DROP TABLE IF EXISTS CROP_GROWS_ON; 

CREATE TABLE CROP_GROWS_ON 
(Crop_Name varchar(254) NOT NULL, Soil_Type SET('Black_soil','Red_soil','Alluvial_soil') NOT NULL, PRIMARY KEY(Crop_Name, Soil_Type), FOREIGN KEY (Crop_Name) REFERENCES CROP(Crop_Name) on DELETE CASCADE on UPDATE CASCADE); 

INSERT INTO CROP_GROWS_ON VALUES('Cucumber', 'Alluvial_Soil'); 
INSERT INTO CROP_GROWS_ON VALUES('Tomato', 'Red_Soil'); 
INSERT INTO CROP_GROWS_ON VALUES('Groundnut', 'Alluvial_Soil'); 
INSERT INTO CROP_GROWS_ON VALUES('Cotton', 'Black_Soil'); 
INSERT INTO CROP_GROWS_ON VALUES('Onion', 'Red_Soil'); 



DROP TABLE IF EXISTS FARMER_LOC; 

CREATE TABLE FARMER_LOC
(Pincode char(6) NOT NULL, Location_name varchar(254) NOT NULL, PRIMARY KEY(Pincode), FOREIGN KEY (Location_Name) REFERENCES LOCATION(Name) on DELETE CASCADE on UPDATE CASCADE); 

INSERT INTO FARMER_LOC VALUES(500019, 'Manchiryal');
INSERT INTO FARMER_LOC VALUES(500024, 'Chirala') ;


 

DROP TABLE IF EXISTS FARMER; 

CREATE TABLE FARMER
( Name VARCHAR(254) NOT NULL, Father_Name VARCHAR(254) NOT NULL,Pbook_no CHAR(14) NOT NULL,Phno CHAR(10),Sex SET('Male','Female','Other') NOT NULL, Street_Village VARCHAR(254) NOT NULL,District_State VARCHAR(254) NOT NULL, DOB DATE NOT NULL, Acc_no CHAR(20), IFSC CHAR(11), Pincode char(6) NOT NULL,PRIMARY KEY(Pbook_no), FOREIGN KEY (IFSC) REFERENCES BANK_DETAILS(IFSC) on DELETE CASCADE on UPDATE CASCADE, FOREIGN KEY (Pincode) REFERENCES FARMER_LOC(Pincode) on DELETE CASCADE on UPDATE CASCADE); 

INSERT INTO FARMER (Name, Father_Name, Pbook_no, Phno, Sex, Street_Village, District_State, DOB, Acc_no, IFSC, Pincode) VALUES('Rajan', 'Ramu', '20190503gj3h65', '9645232412', 'Male', 'xyz', 'rijd', '1995-03-02', '521364798', 'HDFC2019030', '500019');
INSERT INTO FARMER VALUES('Kamal', 'Goyal', '20180607jf3k93', '5621647812', 'Male', 'eidk', 'jkml', '1990-04-11', '85471632625', 'SBIN2314003', '500024'); 
INSERT INTO FARMER VALUES('Mahesh', 'Mahendar', '20150608gs3b95', '6521487936', 'Male', 'sldk', 'jmkl', '1985-05-06', '465453121', 'SBIN2314003', '500024');
INSERT INTO FARMER (Name, Father_Name, Pbook_no, Phno, Sex, Street_Village, District_State, DOB, Acc_no, IFSC, Pincode) VALUES('Naresh', 'Raghu', '20140504kd5g65', '2456647856', 'Male', 'kjdnnj', 'rijd', '1984-06-02', '533462228', 'HDFC2019030', '500019');
INSERT INTO FARMER (Name, Father_Name, Pbook_no, Phno, Sex, Street_Village, District_State, DOB, Acc_no, IFSC, Pincode) VALUES('Saleem', 'Salman', '20130103sd5b62', '9532184672', 'Male', 'ksnjnvn', 'jmkl', '1994-02-04', '961453555', 'HDFC2013526', '500024');
INSERT INTO FARMER (Name, Father_Name, Pbook_no, Phno, Sex, Street_Village, District_State, DOB, Acc_no, IFSC, Pincode) VALUES('Kamala', 'Rajesh', '20090543yj3k52', '9652147803', 'Male', 'ghvv', 'rijd', '1992-06-05', '32465513', 'SBIN4562173', '500019');






DROP TABLE IF EXISTS DEPENDENT; 

CREATE TABLE DEPENDENT 
(Dependent_Name VARCHAR(254) NOT NULL, Age INT, Relation VARCHAR(254), Pbook_no CHAR(14) NOT NULL, PRIMARY KEY(Dependent_Name, Pbook_no), FOREIGN KEY (Pbook_No) REFERENCES FARMER(Pbook_no) on DELETE CASCADE on UPDATE CASCADE); 

INSERT INTO DEPENDENT VALUES('Raghava', 22, 'Brother', '20190503gj3h65'); 
INSERT INTO DEPENDENT VALUES('Manjula', 50, 'Mother', '20190503gj3h65'); 
INSERT INTO DEPENDENT VALUES('Fathima', 21, 'Sister', '20130103sd5b62'); 
INSERT INTO DEPENDENT VALUES('Sitara', 23, 'Wife', '20090543yj3k52'); 

 

DROP TABLE IF EXISTS NEIGHBOURS; 

CREATE TABLE NEIGHBOURS
(Pbook_no CHAR(14) NOT NULL, Neighbour_Pbook_no CHAR(14) NOT NULL,  PRIMARY KEY(Pbook_no, Neighbour_Pbook_no), FOREIGN KEY (Neighbour_Pbook_No) REFERENCES FARMER(Pbook_no) on DELETE CASCADE on UPDATE CASCADE, FOREIGN KEY (Pbook_no) REFERENCES FARMER(Pbook_no) on DELETE CASCADE on UPDATE CASCADE); 

INSERT INTO NEIGHBOURS VALUES('20190503gj3h65', '20140504kd5g65'); 
INSERT INTO NEIGHBOURS VALUES('20140504kd5g65', '20090543yj3k52'); 

 


  

DROP TABLE IF EXISTS DEMAND;

CREATE TABLE DEMAND 
(Crop_Name varchar(254) NOT NULL, Location_Name varchar(254) NOT NULL, Quantity INT NOT NULL, PRIMARY KEY(Crop_Name, Location_Name), FOREIGN KEY (Location_Name) REFERENCES LOCATION(Name) ON DELETE CASCADE ON UPDATE CASCADE, FOREIGN KEY (Crop_Name) REFERENCES CROP(Crop_Name) ON DELETE CASCADE ON UPDATE CASCADE);

INSERT INTO DEMAND VALUES('Cucumber', 'Manchiryal', 80); 
INSERT INTO DEMAND VALUES('Cucumber', 'Chirala', 100); 
INSERT INTO DEMAND VALUES('Tomato', 'Manchiryal', 500); 
INSERT INTO DEMAND VALUES('Tomato', 'Chirala', 600); 
INSERT INTO DEMAND VALUES('Groundnut', 'Manchiryal',700); 
INSERT INTO DEMAND VALUES('Groundnut', 'Chirala', 800); 
INSERT INTO DEMAND VALUES('Cotton', 'Manchiryal', 80); 
INSERT INTO DEMAND VALUES('Cotton', 'Chirala', 100); 
INSERT INTO DEMAND VALUES('Onion', 'Manchiryal', 800); 
INSERT INTO DEMAND VALUES('Onion', 'Chirala', 900); 

 


 

DROP TABLE IF EXISTS REQUIRES;  

CREATE TABLE REQUIRES 
(Crop_Name varchar(254) NOT NULL, Crop_Input_Name varchar(254) NOT NULL, PRIMARY KEY(Crop_Name, Crop_Input_name), FOREIGN KEY (Crop_Input_Name) REFERENCES CROP_INPUT(Name) on DELETE CASCADE on UPDATE CASCADE, FOREIGN KEY (Crop_Name) REFERENCES CROP(Crop_Name) on DELETE CASCADE on UPDATE CASCADE); 

INSERT INTO REQUIRES VALUES('Cotton', 'Ferterra-Insecticide'); 
INSERT INTO REQUIRES VALUES('Tomato', 'Gromor-Fertilizer'); 
INSERT INTO REQUIRES VALUES('Cotton', 'BASF-Pesticide'); 
INSERT INTO REQUIRES VALUES('Groundnut', 'Gromor-Fertilizer'); 
INSERT INTO REQUIRES VALUES('Onion', 'Ferterra-Insecticide'); 
INSERT INTO REQUIRES VALUES('Tomato', 'BASF-Pesticide'); 

 



DROP TABLE IF EXISTS PROVIDES;

CREATE TABLE PROVIDES 
(Farmer_PBook_No char(14) NOT NULL, Mach_Name varchar(254), Supplier_PhNo char(10) NOT NULL, PRIMARY KEY(Farmer_PBook_No, Mach_Name, Supplier_PhNo), FOREIGN KEY (Farmer_PBook_No) REFERENCES FARMER(PBook_No) on DELETE CASCADE on UPDATE CASCADE, FOREIGN KEY (Mach_Name) REFERENCES MACHINERY(Mach_Name) on DELETE CASCADE on UPDATE CASCADE); 

INSERT INTO PROVIDES VALUES ('20090543yj3k52','tractor','8686213131');
INSERT INTO PROVIDES VALUES ('20130103sd5b62','Sowing machine','7673929180');
INSERT INTO PROVIDES VALUES ('20140504kd5g65','harvestor','9347963379');
INSERT INTO PROVIDES VALUES ('20150608gs3b95','tractor','8686213131');
INSERT INTO PROVIDES VALUES ('20180607jf3k93 ','harvestor','9347963379');
INSERT INTO PROVIDES VALUES ('20190503gj3h65 ','harvestor','9347963379');



DROP TABLE IF EXISTS USED_ON;

CREATE TABLE USED_ON 
(Crop_Input_Name varchar(254) NOT NULL, Survey_No_Range char(20), PRIMARY KEY(Crop_Input_Name, Survey_No_Range), FOREIGN KEY (Crop_Input_Name) REFERENCES CROP_INPUT(Name) ON DELETE CASCADE ON UPDATE CASCADE, FOREIGN KEY (Survey_No_Range) REFERENCES LAND(Survey_No_Range) ON DELETE CASCADE ON UPDATE CASCADE); 

INSERT INTO USED_ON VALUES('Ferterra-Insecticide', '164/4/4/1');
INSERT INTO USED_ON VALUES('Gromor-Fertilizer', '150/2/3');
INSERT INTO USED_ON VALUES('BASF-Pesticide', '160/5/6');
INSERT INTO USED_ON VALUES('Gromor-Fertilizer', '135/1') ;
INSERT INTO USED_ON VALUES('Ferterra-Insecticide', '145/3/2'); 
INSERT INTO USED_ON VALUES('BASF-Pesticide', '135/2/2/1');



DROP TABLE IF EXISTS CULT_DETAILS;

CREATE TABLE CULT_DETAILS 
(Survey_No_Range char(20) NOT NULL, Start_Date DATE  NOT NULL,Expected_Harvest_Date DATE NOT NULL, PRIMARY KEY(Survey_No_Range), FOREIGN KEY (Survey_No_Range) REFERENCES LAND(Survey_No_Range) on DELETE CASCADE on UPDATE CASCADE); 

INSERT INTO CULT_DETAILS VALUES('164/4/4/1', '2019-07-01', '2020-02-01'); 
INSERT INTO CULT_DETAILS VALUES('150/2/3', '2019-09-15', '2020-01-15'); 
INSERT INTO CULT_DETAILS VALUES('160/5/6', '2019-04-05', '2019-11-05'); 
INSERT INTO CULT_DETAILS VALUES('135/1', '2020-01-04', '2020-04-04'); 
INSERT INTO CULT_DETAILS VALUES('145/3/2', '2020-02-09', '2020-05-09'); 
INSERT INTO CULT_DETAILS VALUES('135/2/2/1', '2020-03-09', '2020-07-09'); 


DROP TABLE IF EXISTS CULTIVATES;

CREATE TABLE CULTIVATES 
(Crop_Name varchar(254) , Farmer_PBookNo char(14) NOT NULL, Water_Resource_Name varchar(254) NOT NULL, Survey_No_Range char(20) NOT NULL,  PRIMARY KEY(Crop_Name, Farmer_PBookNo, Water_Resource_Name, Survey_No_Range), FOREIGN KEY (Farmer_PBookNo) REFERENCES FARMER(PBook_No) on DELETE CASCADE on UPDATE CASCADE, FOREIGN KEY (Water_Resource_Name) REFERENCES WATER_RESOURCE(Name) on DELETE CASCADE on UPDATE CASCADE, FOREIGN KEY (Survey_No_Range) REFERENCES LAND(Survey_No_Range) on DELETE CASCADE on UPDATE CASCADE, FOREIGN KEY (Crop_Name) REFERENCES CROP(Crop_Name) on DELETE CASCADE on UPDATE CASCADE); 

INSERT INTO CULTIVATES VALUES ('Cotton', '20190503gj3h65','Musi', '164/4/4/1');  
INSERT INTO CULTIVATES VALUES('Tomato','20180607jf3k93','Shameerpet Lake','150/2/3');  
INSERT INTO CULTIVATES VALUES ('Cotton','20150608gs3b95','Veerannapalem Lake','160/5/6');  
INSERT INTO CULTIVATES VALUES ('Groundnut', '20140504kd5g65','Musi','135/1');  
INSERT INTO CULTIVATES VALUES ('Onion', '20130103sd5b62','Shameerpet Lake','145/3/2');  
INSERT INTO CULTIVATES VALUES ('Tomato','20090543yj3k52','Musi','135/2/2/1');

